# Table showing the comparison of consensus sequences generated from alignments of  the results of 100 simulations each of good quality, medium quality and poor quality Oxford Nanopore reads using BadRead with the original input sequence. 
-# BadRead_Params: the set of BadRead parameters used (see Supplementary Methods
)
# Simulation: Simulation number
# CIAlign_Stringency: None the alignment was not cleaned with CIAlign and Moder
ate if CIAlign cleaning was performed with moderate parameters
# Consensus_NW_Score, Consensus_Alignment_Length, Consensus_Percentage_Similari
ty and  Consensus_Percentage_Identity are as for Supplementary Table 1.
# Consensus_NW_Score: Needleman-Wunsch score for a consensus sequence generated
 from the alignment compared to the input sequence to BadRead
# Consensus_Alignment_Length, length of alignment of the consensus sequence wit
h the input sequence
# Consensus_Percentage_Similarity: percentage similarity between the consensus sequence and the input sequence
# Consensus_Percentage_Identity: percentage identity between the consensus sequence and the input sequence
# Proportion_Correct_Removed: proportion of positions removed which were consistent with the input sequence

BadRead_Params	Simulation	CIAlign_Stringency	Consensus_NW_Score	Consensus_Alignment_Length	Consensus_Percentage_Identity	Consensus_Percentage_Similarity	Proportion_Correct_Removed	Proportion_Positions_Removed
good	1	None	44314	10943	92.1	92.6	0.00155	0.0727
good	1	Moderate	50195	10148	99.3	99.9	0.00155	0.0727
medium	1	None	40209	11717	84.2	84.2	0.0191	0.145
medium	1	Moderate	44680	10266	94.1	94.2	0.0191	0.145
bad	1	None	26207	20047	44.2	44.1	0.169	0.499
bad	1	Moderate	26842	11913	65.8	65.5	0.169	0.499
good	2	None	44782	10839	93	93.4	0.00147	0.0646
good	2	Moderate	50251	10142	99.3	100	0.00147	0.0646
medium	2	None	32570	25782	38.1	38.1	0.163	0.471
medium	2	Moderate	39147	14923	62.8	62.8	0.163	0.471
bad	2	None	21218	35092	21.7	21.6	0.148	0.499
bad	2	Moderate	17438	19765	38.8	38.6	0.148	0.499
good	3	None	44771	10866	92.7	93.2	0.0124	0.0705
good	3	Moderate	50160	10142	99.2	99.9	0.0124	0.0705
medium	3	None	41680	20778	47.9	48	0.0236	0.0688
medium	3	Moderate	45114	19663	49.2	49.3	0.0236	0.0688
bad	3	None	16878	37522	23.2	23	0.416	0.531
bad	3	Moderate	16436	20410	34.8	34.6	0.416	0.531
good	4	None	44583	10883	92.6	93.1	0.00888	0.0689
good	4	Moderate	50167	10145	99.2	99.9	0.00888	0.0689
medium	4	None	41183	11453	86.9	87	0.0309	0.142
medium	4	Moderate	44874	10220	94.2	94.5	0.0309	0.142
bad	4	None	20796	36722	23.4	23.3	0.504	0.562
bad	4	Moderate	15330	20220	31.5	31.3	0.504	0.562
good	5	None	44123	10957	91.9	92.4	0.0102	0.0747
good	5	Moderate	50243	10142	99.3	100	0.0102	0.0747
medium	5	None	40256	11637	85	85.1	0.0313	0.156
medium	5	Moderate	44102	10213	93.7	93.9	0.0313	0.156
bad	5	None	23761	21396	37.6	37.4	0.432	0.625
bad	5	Moderate	15269	11926	47.1	46.9	0.432	0.625
good	6	None	45492	10704	94.1	94.6	0.000847	0.0528
good	6	Moderate	50277	10140	99.3	100	0.000847	0.0528
medium	6	None	40754	11504	86.1	86.1	0.0246	0.139
medium	6	Moderate	44988	10236	94.5	94.6	0.0246	0.139
bad	6	None	25455	27259	30.8	30.6	0.713	0.6
bad	6	Moderate	16450	15493	38.5	38.4	0.713	0.6
good	7	None	45114	10803	93.2	93.8	0.00709	0.0611
good	7	Moderate	50266	10143	99.3	100	0.00709	0.0611
medium	7	None	40582	11574	85.4	85.5	0.0285	0.148
medium	7	Moderate	44276	10227	93.8	93.9	0.0285	0.148
bad	7	None	30735	15053	60.1	59.9	0.34	0.447
bad	7	Moderate	27675	11005	69.6	69.4	0.34	0.447
good	8	None	44549	10873	92.7	93.1	0.0112	0.0714
good	8	Moderate	49825	10144	99	99.6	0.0112	0.0714
medium	8	None	39535	11813	82.5	82.6	0.0389	0.176
medium	8	Moderate	41607	10269	91.2	91.3	0.0389	0.176
bad	8	None	31670	25586	35.3	35.2	0.105	0.409
bad	8	Moderate	29281	16912	46.2	46	0.105	0.409
good	9	None	44104	10954	92	92.4	0.00951	0.0745
good	9	Moderate	50196	10144	99.2	99.9	0.00951	0.0745
medium	9	None	41094	11620	85.7	85.9	0.0286	0.156
medium	9	Moderate	45133	10196	94.7	95	0.0286	0.156
bad	9	None	24702	23522	37.6	37.5	0.357	0.503
bad	9	Moderate	16988	15347	40.7	40.5	0.357	0.503
good	10	None	43484	11054	91.2	91.6	0.00223	0.0829
good	10	Moderate	50123	10147	99.2	99.8	0.00223	0.0829
medium	10	None	40081	11744	84.1	84.1	0.0291	0.159
medium	10	Moderate	43897	10272	93.2	93.3	0.0291	0.159
bad	10	None	20205	23952	35.4	35.2	0.375	0.583
bad	10	Moderate	17860	13413	49.7	49.4	0.375	0.583
good	11	None	44299	10952	92	92.5	0.0105	0.0754
good	11	Moderate	50127	10145	99.2	99.9	0.0105	0.0754
medium	11	None	39694	11730	83.4	83.4	0.0812	0.228
medium	11	Moderate	37496	10236	84.9	85	0.0812	0.228
bad	11	None	23174	23574	35.8	35.6	0.49	0.454
bad	11	Moderate	16612	16884	37.8	37.6	0.49	0.454
good	12	None	45415	10782	93.5	93.9	0.00828	0.0609
good	12	Moderate	50166	10141	99.2	99.9	0.00828	0.0609
medium	12	None	41432	11455	86.8	86.9	0.0816	0.197
medium	12	Moderate	40035	10193	89	89.2	0.0816	0.197
bad	12	None	21380	22245	38.3	38.1	0.329	0.594
bad	12	Moderate	21681	11546	60.1	59.9	0.329	0.594
good	13	None	45924	10686	94.3	94.8	0.00234	0.0522
good	13	Moderate	50256	10141	99.3	100	0.00234	0.0522
medium	13	None	40537	11705	84.9	85	0.0614	0.173
medium	13	Moderate	42803	10230	92.1	92.2	0.0614	0.173
bad	13	None	28144	27436	32.4	32.2	0.327	0.558
bad	13	Moderate	22258	15218	47.2	47	0.327	0.558
good	14	None	45991	10660	94.5	95.1	0.00542	0.0488
good	14	Moderate	50286	10140	99.3	100	0.00542	0.0488
medium	14	None	41221	11471	86.8	86.9	0.017	0.126
medium	14	Moderate	45971	10250	95.3	95.5	0.017	0.126
bad	14	None	22979	19345	43.8	43.5	0.158	0.492
bad	14	Moderate	24423	11593	65.4	65.1	0.158	0.492
good	15	None	43716	11054	91.1	91.5	0.0122	0.0827
good	15	Moderate	49989	10151	99.1	99.7	0.0122	0.0827
medium	15	None	39990	11684	84.4	84.4	0.0567	0.166
medium	15	Moderate	42149	10248	91.8	91.8	0.0567	0.166
bad	15	None	20857	27089	31.3	31.2	0.334	0.513
bad	15	Moderate	18881	16227	44.6	44.4	0.334	0.513
good	16	None	44596	10839	92.9	93.4	0.00831	0.0644
good	16	Moderate	50261	10142	99.3	100	0.00831	0.0644
medium	16	None	39942	11565	84.9	84.9	0.0421	0.164
medium	16	Moderate	42121	10260	91.3	91.4	0.0421	0.164
bad	16	None	27107	23227	35.7	35.6	0.126	0.433
bad	16	Moderate	26623	14988	51.6	51.4	0.126	0.433
good	17	None	44763	10853	92.8	93.3	0.00174	0.0657
good	17	Moderate	50271	10142	99.3	100	0.00174	0.0657
medium	17	None	40962	11580	85.5	85.6	0.0631	0.164
medium	17	Moderate	42792	10234	92.3	92.5	0.0631	0.164
bad	17	None	28478	24292	35.7	35.5	0.705	0.551
bad	17	Moderate	19350	13409	53.4	53.1	0.705	0.551
good	18	None	44414	10940	92	92.5	0.0111	0.0751
good	18	Moderate	50010	10143	99.1	99.8	0.0111	0.0751
medium	18	None	41238	11626	85.6	85.8	0.0284	0.134
medium	18	Moderate	46853	10239	96	96.4	0.0284	0.134
bad	18	None	24406	19489	43.4	43.1	0.358	0.546
bad	18	Moderate	20633	12095	54.2	54	0.358	0.546
good	19	None	43904	10948	92.1	92.5	0.0107	0.077
good	19	Moderate	49867	10142	99	99.7	0.0107	0.077
medium	19	None	27305	34312	28.3	28.2	0.385	0.394
medium	19	Moderate	20805	23925	33	32.9	0.385	0.394
bad	19	None	23762	28304	32.1	31.9	0.54	0.592
bad	19	Moderate	16731	15340	43.8	43.6	0.54	0.592
good	20	None	44479	10894	92.5	92.9	0.00864	0.069
good	20	Moderate	50216	10144	99.3	99.9	0.00864	0.069
medium	20	None	42126	22180	45.2	45.3	0.0155	0.0621
medium	20	Moderate	48172	20931	47.5	47.7	0.0155	0.0621
bad	20	None	27669	34412	24.7	24.6	0.343	0.355
bad	20	Moderate	26901	24119	33.3	33.2	0.343	0.355
good	21	None	44771	10872	92.7	93.1	0.00452	0.0698
good	21	Moderate	50256	10142	99.3	100	0.00452	0.0698
medium	21	None	41593	11461	86.9	87.2	0.0347	0.147
medium	21	Moderate	44852	10208	94.2	94.7	0.0347	0.147
bad	21	None	29505	18816	48.2	48	0.232	0.456
bad	21	Moderate	30468	12229	66.6	66.4	0.232	0.456
good	22	None	43093	11170	90.1	90.6	0.0122	0.0905
good	22	Moderate	49940	10164	99	99.6	0.0122	0.0905
medium	22	None	38972	14564	67.8	68	0.0203	0.304
medium	22	Moderate	45753	10368	94.1	94.3	0.0203	0.304
bad	22	None	21138	37990	23.6	23.5	0.399	0.426
bad	22	Moderate	19071	24739	31.3	31.3	0.399	0.426
good	23	None	44538	10902	92.4	92.9	0.00929	0.0706
good	23	Moderate	50209	10143	99.3	99.9	0.00929	0.0706
medium	23	None	40614	11562	85.7	85.9	0.0389	0.139
medium	23	Moderate	45404	10239	94.7	95	0.0389	0.139
bad	23	None	31050	24515	36.1	36	0.287	0.492
bad	23	Moderate	26460	14991	51.8	51.6	0.287	0.492
good	24	None	44751	10851	92.8	93.3	0.0017	0.0658
good	24	Moderate	50236	10143	99.3	100	0.0017	0.0658
medium	24	None	31413	31237	31.4	31.4	0.115	0.149
medium	24	Moderate	19992	31497	21.7	21.6	0.115	0.149
bad	24	None	26580	19607	45.1	44.9	0.205	0.535
bad	24	Moderate	28090	11374	70.1	69.8	0.205	0.535
good	25	None	45045	10804	93.3	93.8	0.00695	0.0621
good	25	Moderate	50262	10140	99.3	100	0.00695	0.0621
medium	25	None	41459	11782	84.6	84.8	0.0158	0.152
medium	25	Moderate	46401	10216	95.7	96.1	0.0158	0.152
bad	25	None	32752	15749	58.8	58.6	0.213	0.427
bad	25	Moderate	32263	10767	76	75.9	0.213	0.427
good	26	None	45853	10681	94.3	94.9	0.0024	0.0522
good	26	Moderate	50286	10141	99.3	100	0.0024	0.0522
medium	26	None	40427	11655	84.8	85	0.0566	0.182
medium	26	Moderate	41565	10221	90.6	90.9	0.0566	0.182
bad	26	None	19429	22503	37	36.7	0.447	0.675
bad	26	Moderate	13278	11414	47.6	47.4	0.447	0.675
good	27	None	44768	10858	92.8	93.3	0.00379	0.0678
good	27	Moderate	50227	10142	99.3	100	0.00379	0.0678
medium	27	None	40780	11630	85.5	85.8	0.0266	0.129
medium	27	Moderate	46867	10259	96	96.3	0.0266	0.129
bad	27	None	20771	33243	27.3	27.2	0.434	0.506
bad	27	Moderate	18453	20427	37.1	36.9	0.434	0.506
good	28	None	45591	10725	93.9	94.4	0.00398	0.057
good	28	Moderate	50148	10143	99.2	99.9	0.00398	0.057
medium	28	None	40358	11494	85.9	85.9	0.0564	0.155
medium	28	Moderate	42829	10218	92.7	92.7	0.0564	0.155
bad	28	None	26630	20840	42.5	42.3	0.252	0.407
bad	28	Moderate	25103	14836	51.6	51.5	0.252	0.407
good	29	None	45041	10796	93.4	93.8	0.00721	0.0606
good	29	Moderate	50266	10142	99.3	100	0.00721	0.0606
medium	29	None	40672	13695	72.4	72.4	0.023	0.132
medium	29	Moderate	45049	12182	79.4	79.4	0.023	0.132
bad	29	None	26064	17207	50.1	49.9	0.126	0.44
bad	29	Moderate	26369	11094	69.6	69.4	0.126	0.44
good	30	None	45888	10710	94.1	94.6	0.00576	0.0531
good	30	Moderate	50286	10141	99.3	100	0.00576	0.0531
medium	30	None	38894	14325	68.8	68.9	0.0115	0.266
medium	30	Moderate	45651	10631	91.8	92.1	0.0115	0.266
bad	30	None	35479	15646	60.7	60.6	0.252	0.434
bad	30	Moderate	31007	11256	69.3	69.1	0.252	0.434
good	31	None	44790	10842	92.9	93.4	0.0092	0.0648
good	31	Moderate	50121	10149	99.2	99.9	0.0092	0.0648
medium	31	None	39545	11715	83.5	83.4	0.0127	0.136
medium	31	Moderate	44173	10306	93.5	93.6	0.0127	0.136
bad	31	None	13672	38721	21.1	21	0.473	0.346
bad	31	Moderate	10074	30596	17.8	17.6	0.473	0.346
good	32	None	44347	10937	92.1	92.6	0.00969	0.0729
good	32	Moderate	50221	10146	99.2	99.9	0.00969	0.0729
medium	32	None	40068	11881	83	83	0.0719	0.193
medium	32	Moderate	42016	10246	91.3	91.4	0.0719	0.193
bad	32	None	27010	28890	30.5	30.4	0.369	0.543
bad	32	Moderate	24008	16233	43.3	43.2	0.369	0.543
good	33	None	44975	10797	93.3	93.8	0.0079	0.0612
good	33	Moderate	50227	10142	99.3	100	0.0079	0.0612
medium	33	None	40525	11623	84.9	85	0.0507	0.177
medium	33	Moderate	42307	10215	91.7	91.8	0.0507	0.177
bad	33	None	30221	19678	46.8	46.7	0.397	0.568
bad	33	Moderate	26765	11544	65.4	65.2	0.397	0.568
good	34	None	44685	10890	92.5	93	0.0119	0.0716
good	34	Moderate	50241	10141	99.3	100	0.0119	0.0716
medium	34	None	41164	11482	86.6	86.7	0.021	0.135
medium	34	Moderate	45192	10233	94.6	94.9	0.021	0.135
bad	34	None	24305	24094	36.5	36.3	0.733	0.516
bad	34	Moderate	25576	13940	57.4	57.2	0.733	0.516
good	35	None	43809	11001	91.5	91.9	0.00445	0.0804
good	35	Moderate	49666	10153	98.8	99.4	0.00445	0.0804
medium	35	None	41249	11569	86	86.1	0.0133	0.131
medium	35	Moderate	46505	10235	95.8	96.2	0.0133	0.131
bad	35	None	5080	50252	14.9	14.8	0.821	0.267
bad	35	Moderate	4688	42951	11.7	11.6	0.821	0.267
good	36	None	45601	10723	93.9	94.5	0.00812	0.0554
good	36	Moderate	50267	10141	99.3	100	0.00812	0.0554
medium	36	None	40856	11670	85.1	85.2	0.0353	0.141
medium	36	Moderate	45810	10254	95.1	95.3	0.0353	0.141
bad	36	None	22930	23599	34.5	34.3	0.33	0.581
bad	36	Moderate	16871	14088	41.5	41.4	0.33	0.581
good	37	None	44812	10817	93.2	93.6	0.00826	0.063
good	37	Moderate	50228	10143	99.3	99.9	0.00826	0.063
medium	37	None	40150	21416	45.8	45.7	0.0464	0.0843
medium	37	Moderate	42676	20106	47	47.1	0.0464	0.0843
bad	37	None	33386	31749	29.1	29	0.191	0.439
bad	37	Moderate	33663	19464	44	43.9	0.191	0.439
good	38	None	45038	10854	92.8	93.3	0.00197	0.0663
good	38	Moderate	50228	10143	99.3	99.9	0.00197	0.0663
medium	38	None	34951	20826	46.9	46.9	0.353	0.217
medium	38	Moderate	28984	19370	42.7	42.7	0.353	0.217
bad	38	None	11309	37191	20.8	20.7	0.482	0.521
bad	38	Moderate	12535	21746	29.4	29.2	0.482	0.521
good	39	None	44141	10932	92.1	92.6	0.00204	0.0723
good	39	Moderate	50219	10145	99.3	99.9	0.00204	0.0723
medium	39	None	40384	11813	83.4	83.4	0.0568	0.199
medium	39	Moderate	41312	10238	90.2	90.3	0.0568	0.199
bad	39	None	25655	21245	41.8	41.5	0.232	0.525
bad	39	Moderate	28361	11276	70.8	70.5	0.232	0.525
good	40	None	43596	11027	91.3	91.8	0.00328	0.0819
good	40	Moderate	49943	10144	99.1	99.7	0.00328	0.0819
medium	40	None	39754	14044	70.7	70.9	0.0138	0.275
medium	40	Moderate	46399	10354	94.6	94.9	0.0138	0.275
bad	40	None	9790	71168	9.8	9.8	0.41	0.49
bad	40	Moderate	10329	39787	18.6	18.5	0.41	0.49
good	41	None	45025	10828	93.1	93.5	0.00755	0.0633
good	41	Moderate	50266	10143	99.3	100	0.00755	0.0633
medium	41	None	38556	15022	65.5	65.6	0.163	0.201
medium	41	Moderate	41559	13464	69.5	69.7	0.163	0.201
bad	41	None	12163	33572	19.6	19.4	0.377	0.615
bad	41	Moderate	13361	16047	40.1	39.9	0.377	0.615
good	42	None	43822	10989	91.7	92.2	0.00947	0.0767
good	42	Moderate	50145	10151	99.2	99.8	0.00947	0.0767
medium	42	None	40529	11646	85.1	85.1	0.0768	0.208
medium	42	Moderate	39942	10230	88.2	88.2	0.0768	0.208
bad	42	None	20045	24254	33.4	33.2	0.434	0.552
bad	42	Moderate	16217	14480	41.5	41.3	0.434	0.552
good	43	None	44799	10872	92.7	93.2	0.00168	0.0674
good	43	Moderate	50239	10142	99.3	100	0.00168	0.0674
medium	43	None	22302	44502	21.9	21.9	0.157	0.367
medium	43	Moderate	22187	32067	26.2	26.1	0.157	0.367
bad	43	None	15302	21799	36.3	36.1	0.303	0.594
bad	43	Moderate	12888	12082	48.7	48.4	0.303	0.594
good	44	None	44211	10947	92	92.6	0.00171	0.0737
good	44	Moderate	50207	10144	99.3	99.9	0.00171	0.0737
medium	44	None	41203	13868	71.6	71.8	0.0689	0.153
medium	44	Moderate	41225	12560	73.2	73.3	0.0689	0.153
bad	44	None	29891	33924	26.1	26	0.132	0.288
bad	44	Moderate	26738	26131	28.9	28.8	0.132	0.288
good	45	None	43653	11064	91	91.5	0.00241	0.0832
good	45	Moderate	50083	10150	99.1	99.8	0.00241	0.0832
medium	45	None	41009	11502	86.4	86.5	0.0336	0.13
medium	45	Moderate	46022	10250	95.3	95.5	0.0336	0.13
bad	45	None	22275	33503	23.7	23.6	0.133	0.47
bad	45	Moderate	23045	19291	39.6	39.4	0.133	0.47
good	46	None	45240	10767	93.6	94.1	0.00725	0.0582
good	46	Moderate	50271	10142	99.3	100	0.00725	0.0582
medium	46	None	29336	32106	30.6	30.5	0.351	0.424
medium	46	Moderate	28012	21489	39.9	39.8	0.351	0.424
bad	46	None	13116	30327	25.6	25.4	0.518	0.592
bad	46	Moderate	10064	15912	38.7	38.5	0.518	0.592
good	47	None	45336	10755	93.7	94.2	0.0079	0.0583
good	47	Moderate	50256	10143	99.3	100	0.0079	0.0583
medium	47	None	40339	11715	84.4	84.5	0.0465	0.16
medium	47	Moderate	43818	10240	93.2	93.3	0.0465	0.16
bad	47	None	17578	17301	44.6	44.4	0.356	0.601
bad	47	Moderate	11009	11042	44.7	44.5	0.356	0.601
good	48	None	45897	10662	94.5	95.1	0.00074	0.0491
good	48	Moderate	50286	10140	99.3	100	0.00074	0.0491
medium	48	None	40749	11972	83.2	83.2	0.0375	0.16
medium	48	Moderate	46295	10250	95.5	95.7	0.0375	0.16
bad	48	None	17007	24640	32.5	32.3	0.405	0.379
bad	48	Moderate	11363	19359	31	30.8	0.405	0.379
good	49	None	45129	10820	93.1	93.6	0.0138	0.0679
good	49	Moderate	49999	10141	99.1	99.8	0.0138	0.0679
medium	49	None	40062	12573	78.8	78.9	0.0428	0.18
medium	49	Moderate	44388	10774	89.5	89.6	0.0428	0.18
bad	49	None	4837	51674	9.8	9.8	0.692	0.204
bad	49	Moderate	0	51007	0	0	0.692	0.204
good	50	None	44920	10819	93.2	93.6	0.00804	0.0627
good	50	Moderate	50233	10142	99.3	100	0.00804	0.0627
medium	50	None	40855	11489	86.3	86.5	0.0304	0.126
medium	50	Moderate	45507	10265	94.8	95.1	0.0304	0.126
bad	50	None	32513	18274	51.2	51.1	0.268	0.439
bad	50	Moderate	28780	13055	59.4	59.3	0.268	0.439
good	51	None	44079	10945	92	92.5	0.00206	0.0739
good	51	Moderate	50149	10145	99.2	99.9	0.00206	0.0739
medium	51	None	39505	11732	83.5	83.6	0.0663	0.181
medium	51	Moderate	41245	10278	90.3	90.5	0.0663	0.181
bad	51	None	26113	27486	29.8	29.6	0.163	0.308
bad	51	Moderate	28019	19706	42.6	42.4	0.163	0.308
good	52	None	44011	11013	91.4	91.9	0.00351	0.0801
good	52	Moderate	50049	10148	99.1	99.8	0.00351	0.0801
medium	52	None	41050	11628	85.2	85.1	0.081	0.215
medium	52	Moderate	39198	10202	87.7	87.8	0.081	0.215
bad	52	None	17565	26771	28.3	28.1	0.363	0.657
bad	52	Moderate	9803	14141	32.6	32.4	0.363	0.657
good	53	None	44980	10828	93	93.5	0.00791	0.0635
good	53	Moderate	50276	10141	99.3	100	0.00791	0.0635
medium	53	None	40915	11608	85.4	85.6	0.0302	0.132
medium	53	Moderate	45844	10275	95	95.3	0.0302	0.132
bad	53	None	13053	26386	30.3	30.2	0.201	0.548
bad	53	Moderate	15730	13444	51	50.8	0.201	0.548
good	54	None	44581	10868	92.7	93.1	0.0114	0.0694
good	54	Moderate	50232	10141	99.3	100	0.0114	0.0694
medium	54	None	41130	11678	85.4	85.6	0.0494	0.161
medium	54	Moderate	45116	10216	94.6	94.9	0.0494	0.161
bad	54	None	15353	29417	27.9	27.8	0.596	0.701
bad	54	Moderate	10623	12970	42.6	42.5	0.596	0.701
good	55	None	43708	11023	91.4	91.9	0.011	0.0799
good	55	Moderate	50061	10152	99.1	99.8	0.011	0.0799
medium	55	None	40212	11672	84.5	84.5	0.0277	0.157
medium	55	Moderate	43589	10227	93.1	93.2	0.0277	0.157
bad	55	None	30374	14794	60	59.7	0.171	0.378
bad	55	Moderate	30419	10699	75.5	75.2	0.171	0.378
good	56	None	45365	10779	93.5	93.9	0.00842	0.0606
good	56	Moderate	50226	10141	99.3	100	0.00842	0.0606
medium	56	None	41103	11704	85.1	85.3	0.0107	0.135
medium	56	Moderate	46725	10257	95.9	96.1	0.0107	0.135
bad	56	None	10783	46804	14.6	14.5	0.659	0.612
bad	56	Moderate	9437	20676	32.8	32.6	0.659	0.612
good	57	None	44394	10902	92.4	92.9	0.00166	0.0699
good	57	Moderate	50238	10142	99.3	100	0.00166	0.0699
medium	57	None	40816	11608	85.2	85.4	0.0446	0.171
medium	57	Moderate	42573	10238	91.9	92.1	0.0446	0.171
bad	57	None	28688	14152	61.8	61.5	0.185	0.387
bad	57	Moderate	26977	10494	72	71.9	0.185	0.387
good	58	None	45275	10764	93.6	94.1	0.00702	0.058
good	58	Moderate	50233	10144	99.3	99.9	0.00702	0.058
medium	58	None	36005	21884	45.4	45.5	0.259	0.508
medium	58	Moderate	39356	13020	70.8	70.9	0.259	0.508
bad	58	None	20905	26904	31.5	31.3	0.741	0.349
bad	58	Moderate	16194	21979	30.3	30.2	0.741	0.349
good	59	None	45260	10783	93.4	94	0.00736	0.0598
good	59	Moderate	50271	10140	99.3	100	0.00736	0.0598
medium	59	None	41047	11715	85	85.1	0.034	0.168
medium	59	Moderate	44212	10209	93.8	94	0.034	0.168
bad	59	None	10923	33058	24.5	24.4	0.558	0.669
bad	59	Moderate	9788	14665	40.4	40.2	0.558	0.669
good	60	None	44690	10847	92.9	93.4	0.00202	0.0661
good	60	Moderate	50247	10141	99.3	100	0.00202	0.0661
medium	60	None	39967	12685	77.8	77.9	0.0305	0.226
medium	60	Moderate	44169	10228	93.8	93.9	0.0305	0.226
bad	60	None	28208	26663	32.8	32.7	0.248	0.479
bad	60	Moderate	29249	16131	50.7	50.6	0.248	0.479
good	61	None	45035	10806	93.3	93.7	0.0082	0.062
good	61	Moderate	50263	10142	99.3	100	0.0082	0.062
medium	61	None	39244	11798	82.9	82.8	0.071	0.192
medium	61	Moderate	40241	10250	89.5	89.5	0.071	0.192
bad	61	None	29072	14890	59.4	59.2	0.166	0.357
bad	61	Moderate	28696	10914	73.1	72.8	0.166	0.357
good	62	None	44462	10879	92.6	93.1	0.00181	0.0682
good	62	Moderate	50187	10144	99.2	99.9	0.00181	0.0682
medium	62	None	41677	11485	87.1	87.3	0.0225	0.116
medium	62	Moderate	48502	10230	97.4	97.8	0.0225	0.116
bad	62	None	24430	17752	47.9	47.6	0.285	0.519
bad	62	Moderate	23310	10844	65.9	65.6	0.285	0.519
good	63	None	45837	10677	94.4	94.8	0.00688	0.0512
good	63	Moderate	50231	10141	99.3	100	0.00688	0.0512
medium	63	None	41239	11604	85.7	85.9	0.0369	0.14
medium	63	Moderate	45811	10234	95.3	95.6	0.0369	0.14
bad	63	None	13825	32904	22.6	22.5	0.229	0.555
bad	63	Moderate	18952	15789	47.4	47.1	0.229	0.555
good	64	None	44556	10860	92.8	93.2	0.00108	0.0658
good	64	Moderate	50266	10144	99.3	100	0.00108	0.0658
medium	64	None	37733	24338	40.7	40.7	0.105	0.349
medium	64	Moderate	42759	16819	55.7	55.9	0.105	0.349
bad	64	None	27323	28972	30.5	30.4	0.154	0.3
bad	64	Moderate	28943	21825	37.1	36.9	0.154	0.3
good	65	None	44397	10907	92.4	92.9	0.00147	0.0698
good	65	Moderate	50178	10148	99.2	99.9	0.00147	0.0698
medium	65	None	41015	11552	86.3	86.6	0.0396	0.16
medium	65	Moderate	44610	10201	93.9	94.3	0.0396	0.16
bad	65	None	19848	31207	28.2	28	0.692	0.559
bad	65	Moderate	16341	17325	40	39.8	0.692	0.559
good	66	None	45726	10693	94.3	94.7	0.00902	0.0538
good	66	Moderate	50286	10141	99.3	100	0.00902	0.0538
medium	66	None	38134	17612	56.1	56.2	0.178	0.414
medium	66	Moderate	38688	11705	76.7	76.7	0.178	0.414
bad	66	None	24889	32288	24.8	24.7	0.197	0.365
bad	66	Moderate	21051	24748	27.2	27.2	0.197	0.365
good	67	None	44713	10843	92.9	93.4	0.00742	0.0647
good	67	Moderate	50266	10143	99.3	100	0.00742	0.0647
medium	67	None	36641	20332	48.7	48.8	0.112	0.423
medium	67	Moderate	44229	12374	78.4	78.7	0.112	0.423
bad	67	None	26417	23567	36.1	35.9	0.517	0.4
bad	67	Moderate	24952	16413	46.2	45.9	0.517	0.4
good	68	None	44410	10876	92.6	93.1	0.00932	0.068
good	68	Moderate	50221	10143	99.3	99.9	0.00932	0.068
medium	68	None	40759	11706	84.8	85	0.0206	0.149
medium	68	Moderate	45322	10243	94.7	95	0.0206	0.149
bad	68	None	29836	26830	34.8	34.8	0.468	0.291
bad	68	Moderate	15100	24521	23	22.9	0.468	0.291
good	69	None	44785	10869	92.7	93.2	0.00884	0.0668
good	69	Moderate	50216	10145	99.3	99.9	0.00884	0.0668
medium	69	None	41618	11502	86.9	87.1	0.0119	0.121
medium	69	Moderate	47462	10233	96.6	97	0.0119	0.121
bad	69	None	20168	19404	41.6	41.3	0.565	0.714
bad	69	Moderate	10093	11023	39.5	39.3	0.565	0.714
good	70	None	44809	10871	92.7	93.2	0.0105	0.0694
good	70	Moderate	50251	10142	99.3	100	0.0105	0.0694
medium	70	None	41198	11588	86	86.1	0.0624	0.188
medium	70	Moderate	41374	10223	90.3	90.6	0.0624	0.188
bad	70	None	29569	25499	36.7	36.6	0.0902	0.429
bad	70	Moderate	35075	15592	57.2	57.1	0.0902	0.429
good	71	None	44289	10913	92.3	92.8	0.00971	0.0707
good	71	Moderate	50191	10146	99.2	99.9	0.00971	0.0707
medium	71	None	40118	11726	84.2	84.4	0.0188	0.148
medium	71	Moderate	44951	10261	94.3	94.6	0.0188	0.148
bad	71	None	25252	22218	39.8	39.7	0.169	0.518
bad	71	Moderate	27252	12520	62.2	62	0.169	0.518
good	72	None	44871	10840	93	93.4	0.00897	0.0655
good	72	Moderate	50241	10141	99.3	100	0.00897	0.0655
medium	72	None	41612	11523	86.7	86.9	0.115	0.23
medium	72	Moderate	37866	10208	85.4	85.6	0.115	0.23
bad	72	None	19320	28659	30.1	29.9	0.319	0.589
bad	72	Moderate	20747	14629	51	50.8	0.319	0.589
good	73	None	44756	10831	93	93.5	0.00743	0.0638
good	73	Moderate	50251	10142	99.3	100	0.00743	0.0638
medium	73	None	39647	12764	77.1	77.2	0.0136	0.203
medium	73	Moderate	45000	10346	93.9	94.1	0.0136	0.203
bad	73	None	32624	27232	33.9	33.8	0.122	0.264
bad	73	Moderate	31466	21827	37.2	37.1	0.122	0.264
good	74	None	44757	10836	93	93.5	0.0025	0.0655
good	74	Moderate	50170	10141	99.3	99.9	0.0025	0.0655
medium	74	None	40013	11669	84.3	84.4	0.0251	0.146
medium	74	Moderate	43876	10294	93.3	93.3	0.0251	0.146
bad	74	None	16378	34002	20.7	20.6	0.497	0.422
bad	74	Moderate	10545	22166	28.4	28.2	0.497	0.422
good	75	None	45353	10765	93.6	94.1	0.00726	0.0582
good	75	Moderate	50271	10142	99.3	100	0.00726	0.0582
medium	75	None	41070	11590	85.7	85.8	0.0364	0.156
medium	75	Moderate	44234	10239	93.6	93.8	0.0364	0.156
bad	75	None	28517	23527	38.8	38.7	0.288	0.456
bad	75	Moderate	29003	15192	55.1	54.9	0.288	0.456
good	76	None	44235	10943	92.1	92.6	0.00294	0.0748
good	76	Moderate	50056	10146	99.2	99.8	0.00294	0.0748
medium	76	None	40186	11601	85.1	85.1	0.0226	0.143
medium	76	Moderate	44210	10255	93.7	93.8	0.0226	0.143
bad	76	None	17956	32752	23.8	23.6	0.257	0.493
bad	76	Moderate	16334	19855	36	35.8	0.257	0.493
good	77	None	43474	11101	90.7	91.1	0.00328	0.0871
good	77	Moderate	49889	10152	99	99.6	0.00328	0.0871
medium	77	None	41601	21536	46.2	46.4	0.0169	0.0694
medium	77	Moderate	45957	20283	48.1	48.3	0.0169	0.0694
bad	77	None	25493	22708	39	38.9	0.437	0.549
bad	77	Moderate	21945	13556	52.7	52.5	0.437	0.549
good	78	None	44406	10872	92.7	93.2	0.00171	0.0676
good	78	Moderate	50251	10143	99.3	100	0.00171	0.0676
medium	78	None	40874	12146	81.5	81.7	0.0179	0.179
medium	78	Moderate	45538	10230	95	95.2	0.0179	0.179
bad	78	None	30878	31948	25.5	25.5	0.21	0.378
bad	78	Moderate	30014	21708	36.4	36.4	0.21	0.378
good	79	None	44809	10834	93	93.5	0.00834	0.0642
good	79	Moderate	50226	10144	99.3	99.9	0.00834	0.0642
medium	79	None	41719	11448	87.2	87.4	0.0295	0.121
medium	79	Moderate	46809	10237	96.1	96.4	0.0295	0.121
bad	79	None	19886	60767	11.3	11.2	0.631	0.479
bad	79	Moderate	15568	35194	22	21.9	0.631	0.479
good	80	None	44715	10838	93	93.5	0.00699	0.0642
good	80	Moderate	50259	10142	99.3	100	0.00699	0.0642
medium	80	None	40492	11608	85.3	85.5	0.0369	0.14
medium	80	Moderate	45456	10244	94.9	95	0.0369	0.14
bad	80	None	22728	22554	36.5	36.3	0.444	0.639
bad	80	Moderate	15418	12047	46.9	46.8	0.444	0.639
good	81	None	43760	10996	91.6	92	0.0109	0.0779
good	81	Moderate	50092	10147	99.2	99.8	0.0109	0.0779
medium	81	None	37370	18689	52.8	52.8	0.151	0.355
medium	81	Moderate	40701	13375	69.6	69.6	0.151	0.355
bad	81	None	32478	14930	61.7	61.5	0.227	0.476
bad	81	Moderate	25790	10738	64.5	64.4	0.227	0.476
good	82	None	43940	10966	91.9	92.3	0.0105	0.0756
good	82	Moderate	50211	10144	99.3	99.9	0.0105	0.0756
medium	82	None	32438	29876	31.3	31.3	0.15	0.446
medium	82	Moderate	35239	17733	51.3	51.2	0.15	0.446
bad	82	None	28401	24551	35.2	35.1	0.42	0.629
bad	82	Moderate	15058	13522	42.6	42.4	0.42	0.629
good	83	None	45142	10794	93.4	93.8	0.00758	0.0613
good	83	Moderate	50226	10141	99.3	100	0.00758	0.0613
medium	83	None	41123	11526	86.3	86.3	0.0119	0.122
medium	83	Moderate	46725	10260	95.9	96.1	0.0119	0.122
bad	83	None	29564	16162	55.6	55.5	0.0652	0.345
bad	83	Moderate	31669	11503	73.3	73.1	0.0652	0.345
good	84	None	44044	10995	91.6	92.1	0.00972	0.0777
good	84	Moderate	50191	10145	99.2	99.9	0.00972	0.0777
medium	84	None	38014	15134	64.8	64.8	0.0888	0.335
medium	84	Moderate	43765	10424	91.8	91.9	0.0888	0.335
bad	84	None	10947	54604	13.1	13	0.29	0.499
bad	84	Moderate	11834	30432	22.2	22	0.29	0.499
good	85	None	44397	10942	92	92.5	0.00971	0.0735
good	85	Moderate	50157	10145	99.2	99.9	0.00971	0.0735
medium	85	None	36275	18528	52.8	52.8	0.0787	0.445
medium	85	Moderate	39870	11296	80	80.1	0.0787	0.445
bad	85	None	23052	23999	36.4	36.2	0.366	0.563
bad	85	Moderate	25673	12271	63	62.7	0.366	0.563
good	86	None	45316	10782	93.4	94	0.00121	0.0598
good	86	Moderate	50263	10142	99.3	100	0.00121	0.0598
medium	86	None	40218	11663	84.5	84.6	0.0254	0.148
medium	86	Moderate	44207	10259	93.6	93.8	0.0254	0.148
bad	86	None	24778	25397	35.1	34.9	0.104	0.493
bad	86	Moderate	28746	14071	59.4	59.1	0.104	0.493
good	87	None	43904	10993	91.6	92	0.0122	0.079
good	87	Moderate	49932	10149	99.1	99.7	0.0122	0.079
medium	87	None	38728	15586	63.4	63.4	0.0885	0.35
medium	87	Moderate	44189	10513	91.5	91.5	0.0885	0.35
bad	87	None	33833	14846	62.8	62.6	0.0989	0.337
bad	87	Moderate	35332	11041	79.3	79.1	0.0989	0.337
good	88	None	45455	10771	93.5	94	0.00605	0.0585
good	88	Moderate	50286	10142	99.3	100	0.00605	0.0585
medium	88	None	41730	11464	87	87.2	0.0498	0.144
medium	88	Moderate	46045	10229	95.4	95.6	0.0498	0.144
bad	88	None	12941	33876	24.6	24.5	0.639	0.631
bad	88	Moderate	14512	15778	43	42.7	0.639	0.631
good	89	None	44218	10937	92.2	92.6	0.0116	0.0753
good	89	Moderate	50171	10142	99.3	99.9	0.0116	0.0753
medium	89	None	40570	11582	85.5	85.6	0.0225	0.14
medium	89	Moderate	44810	10249	94.2	94.5	0.0225	0.14
bad	89	None	24604	25597	33.6	33.5	0.422	0.364
bad	89	Moderate	16634	20182	33.4	33.3	0.422	0.364
good	90	None	43699	11064	91	91.5	0.00356	0.0842
good	90	Moderate	50097	10150	99.1	99.8	0.00356	0.0842
medium	90	None	41500	11972	83.5	83.6	0.0478	0.165
medium	90	Moderate	44338	10553	90.6	91	0.0478	0.165
bad	90	None	22376	27542	27.9	27.8	0.457	0.638
bad	90	Moderate	14140	13561	44.2	44.1	0.457	0.638
good	91	None	43378	11050	91.2	91.5	0.00473	0.0847
good	91	Moderate	49939	10147	99.1	99.7	0.00473	0.0847
medium	91	None	39525	11587	84.3	84.4	0.22	0.348
medium	91	Moderate	30415	10192	72.9	73	0.22	0.348
bad	91	None	15321	34250	21.5	21.4	0.565	0.657
bad	91	Moderate	12147	14526	43.7	43.5	0.565	0.657
good	92	None	44041	10941	92.1	92.5	0.00226	0.0735
good	92	Moderate	50205	10142	99.3	99.9	0.00226	0.0735
medium	92	None	40805	21435	46.3	46.3	0.0125	0.0659
medium	92	Moderate	46091	20163	48.5	48.6	0.0125	0.0659
bad	92	None	29350	19260	47.1	46.9	0.354	0.51
bad	92	Moderate	23243	14114	46.6	46.4	0.354	0.51
good	93	None	44886	10794	93.3	93.8	0.0112	0.0641
good	93	Moderate	50012	10144	99.1	99.8	0.0112	0.0641
medium	93	None	38893	12002	81.2	81.1	0.0226	0.168
medium	93	Moderate	43111	10295	92.4	92.5	0.0226	0.168
bad	93	None	17627	25375	31.1	31	0.241	0.582
bad	93	Moderate	16482	13625	49.2	48.9	0.241	0.582
good	94	None	44683	10838	93	93.4	0.00796	0.0646
good	94	Moderate	50173	10145	99.2	99.9	0.00796	0.0646
medium	94	None	40989	15152	65.3	65.5	0.0356	0.119
medium	94	Moderate	43538	13847	68.7	68.9	0.0356	0.119
bad	94	None	29128	33664	26	25.9	0.118	0.313
bad	94	Moderate	29358	25526	31.3	31.2	0.118	0.313
good	95	None	44458	10988	91.6	92.2	0.0102	0.0769
good	95	Moderate	50237	10145	99.3	99.9	0.0102	0.0769
medium	95	None	41503	11473	87.1	87.4	0.0262	0.139
medium	95	Moderate	45911	10216	95.2	95.6	0.0262	0.139
bad	95	None	31148	26832	33.1	33	0.189	0.387
bad	95	Moderate	28734	17387	48.1	48	0.189	0.387
good	96	None	45569	10733	93.9	94.4	0.00669	0.0553
good	96	Moderate	50279	10140	99.3	100	0.00669	0.0553
medium	96	None	39777	11697	83.6	83.5	0.0355	0.134
medium	96	Moderate	44076	10329	93.4	93.3	0.0355	0.134
bad	96	None	17542	25653	32.2	32	0.384	0.601
bad	96	Moderate	20419	12903	56	55.8	0.384	0.601
good	97	None	43845	11042	91.2	91.7	0.0114	0.0814
good	97	Moderate	50116	10149	99.2	99.8	0.0114	0.0814
medium	97	None	39113	16078	61.7	61.8	0.0254	0.31
medium	97	Moderate	45482	11357	86.1	86.3	0.0254	0.31
bad	97	None	22065	26986	31.6	31.5	0.404	0.615
bad	97	Moderate	18397	14054	48.7	48.4	0.404	0.615
good	98	None	44566	10858	92.8	93.2	0.00168	0.0659
good	98	Moderate	50214	10147	99.2	99.9	0.00168	0.0659
medium	98	None	40432	11677	84.8	84.9	0.0271	0.154
medium	98	Moderate	44299	10237	93.8	93.9	0.0271	0.154
bad	98	None	14311	32097	22.4	22.3	0.3	0.629
bad	98	Moderate	14253	14891	45	44.8	0.3	0.629
good	99	None	44037	10944	92.1	92.4	0.00182	0.0732
good	99	Moderate	50113	10148	99.2	99.8	0.00182	0.0732
medium	99	None	41237	11640	85.5	85.6	0.0429	0.152
medium	99	Moderate	45278	10212	94.7	95	0.0429	0.152
bad	99	None	21556	23127	37.1	36.9	0.255	0.52
bad	99	Moderate	26841	12435	65.4	65	0.255	0.52
good	100	None	44914	10816	93.1	93.6	0.0009	0.0622
good	100	Moderate	50256	10143	99.3	100	0.0009	0.0622
medium	100	None	41093	11758	84.4	84.4	0.0439	0.181
medium	100	Moderate	42762	10218	92.3	92.5	0.0439	0.181
bad	100	None	11399	55221	14.5	14.4	0.443	0.436
bad	100	Moderate	11982	34502	19.8	19.7	0.443	0.436
