# Table showing the comparison of consensus sequences generated from alignments of  the results of 100 simulations each of good quality, medium quality and poor quality Oxford Nanopore reads using BadRead [39] with the original input sequence. 
# BadRead_Params: the set of BadRead parameters used (see Supplementary Methods)
# Simulation: Simulation number
# CIAlign_Stringency: None the alignment was not cleaned with CIAlign and Moderate if CIAlign cleaning was performed with moderate parameters
# Consensus_NW_Score, Consensus_Alignment_Length, Consensus_Percentage_Similarity and  Consensus_Percentage_Identity are as for Supplementary Table 2.
# Consensus_NW_Score: Needleman-Wunsch score for a consensus sequence generated from the alignment compared to the input sequence to BadRead
# Consensus_Alignment_Length, length of alignment of the consensus sequence with the input sequence
# Consensus_Percentage_Similarity: percentage similarity between the consensus sequence and the input sequence
# Consensus_Percentage_Identity: percentage identity between the consensus sequence and the input sequence
#
BadRead_Params	Simulation	CIAlign_Stringency	Consensus_NW_Score	Consensus_NW_Length	Consensus_Percentage_Identity	Consensus_Percentage_Similarity
good	1	None	44314	10943	92.1	92.6
good	1	Moderate	50195	10148	99.3	99.9
medium	1	None	40209.5	11717	84.2	84.2
medium	1	Moderate	44680	10266	94.1	94.2
bad	1	None	26207	20047	44.2	44.1
bad	1	Moderate	26842	11913	65.8	65.5
good	2	None	44782	10839	93	93.4
good	2	Moderate	50251	10142	99.3	100
medium	2	None	32570	25782	38.1	38.1
medium	2	Moderate	39147	14923	62.8	62.8
bad	2	None	21218	35092	21.7	21.6
bad	2	Moderate	17438.5	19765	38.8	38.6
good	3	None	44771	10866	92.7	93.2
good	3	Moderate	50160	10142	99.2	99.9
medium	3	None	41680.5	20778	47.9	48
medium	3	Moderate	45114.5	19663	49.2	49.3
bad	3	None	16878.5	37522	23.2	23
bad	3	Moderate	16436	20410	34.8	34.6
good	4	None	44583.5	10883	92.6	93.1
good	4	Moderate	50167	10145	99.2	99.9
medium	4	None	41183	11453	86.9	87
medium	4	Moderate	44874	10220	94.2	94.5
bad	4	None	20796.5	36722	23.4	23.3
bad	4	Moderate	15330.5	20220	31.5	31.3
good	5	None	44123.5	10957	91.9	92.4
good	5	Moderate	50243	10142	99.3	100
medium	5	None	40256.5	11637	85	85.1
medium	5	Moderate	44102	10213	93.7	93.9
bad	5	None	23761.5	21396	37.6	37.4
bad	5	Moderate	15269	11926	47.1	46.9
good	6	None	45492.5	10704	94.1	94.6
good	6	Moderate	50277	10140	99.3	100
medium	6	None	40754	11504	86.1	86.1
medium	6	Moderate	44988.5	10236	94.5	94.6
bad	6	None	25455.5	27259	30.8	30.6
bad	6	Moderate	16450.5	15493	38.5	38.4
good	7	None	45114.5	10803	93.2	93.8
good	7	Moderate	50266	10143	99.3	100
medium	7	None	40582.5	11574	85.4	85.5
medium	7	Moderate	44276.5	10227	93.8	93.9
bad	7	None	30735	15053	60.1	59.9
bad	7	Moderate	27675.5	11005	69.6	69.4
good	8	None	44549.5	10873	92.7	93.1
good	8	Moderate	49825	10144	99	99.6
medium	8	None	39535	11813	82.5	82.6
medium	8	Moderate	41607.5	10269	91.2	91.3
bad	8	None	31670	25586	35.3	35.2
bad	8	Moderate	29281.5	16912	46.2	46
good	9	None	44104	10954	92	92.4
good	9	Moderate	50196	10144	99.2	99.9
medium	9	None	41094	11620	85.7	85.9
medium	9	Moderate	45133.5	10196	94.7	95
bad	9	None	24702.5	23522	37.6	37.5
bad	9	Moderate	16988.5	15347	40.7	40.5
good	10	None	43484	11054	91.2	91.6
good	10	Moderate	50123.5	10147	99.2	99.8
medium	10	None	40081	11744	84.1	84.1
medium	10	Moderate	43897	10272	93.2	93.3
bad	10	None	20205	23952	35.4	35.2
bad	10	Moderate	17860	13413	49.7	49.4
good	11	None	44299	10952	92	92.5
good	11	Moderate	50127	10145	99.2	99.9
medium	11	None	39694	11730	83.4	83.4
medium	11	Moderate	37496.5	10236	84.9	85
bad	11	None	23174	23574	35.8	35.6
bad	11	Moderate	16612	16884	37.8	37.6
good	12	None	45415	10782	93.5	93.9
good	12	Moderate	50166	10141	99.2	99.9
medium	12	None	41432.5	11455	86.8	86.9
medium	12	Moderate	40035	10193	89	89.2
bad	12	None	21380.5	22245	38.3	38.1
bad	12	Moderate	21681.5	11546	60.1	59.9
good	13	None	45924.5	10686	94.3	94.8
good	13	Moderate	50256	10141	99.3	100
medium	13	None	40537.5	11705	84.9	85
medium	13	Moderate	42803	10230	92.1	92.2
bad	13	None	28144.5	27436	32.4	32.2
bad	13	Moderate	22258	15218	47.2	47
good	14	None	45991	10660	94.5	95.1
good	14	Moderate	50286	10140	99.3	100
medium	14	None	41221	11471	86.8	86.9
medium	14	Moderate	45971	10250	95.3	95.5
bad	14	None	22979	19345	43.8	43.5
bad	14	Moderate	24423	11593	65.4	65.1
good	15	None	43716.5	11054	91.1	91.5
good	15	Moderate	49989	10151	99.1	99.7
medium	15	None	39990.5	11684	84.4	84.4
medium	15	Moderate	42149.5	10248	91.8	91.8
bad	15	None	20857	27089	31.3	31.2
bad	15	Moderate	18881.5	16227	44.6	44.4
good	16	None	44596	10839	92.9	93.4
good	16	Moderate	50261	10142	99.3	100
medium	16	None	39942.5	11565	84.9	84.9
medium	16	Moderate	42121.5	10260	91.3	91.4
bad	16	None	27107.5	23227	35.7	35.6
bad	16	Moderate	26623.5	14988	51.6	51.4
good	17	None	44763	10853	92.8	93.3
good	17	Moderate	50271	10142	99.3	100
medium	17	None	40962	11580	85.5	85.6
medium	17	Moderate	42792.5	10234	92.3	92.5
bad	17	None	28478.5	24292	35.7	35.5
bad	17	Moderate	19350.5	13409	53.4	53.1
good	18	None	44414.5	10940	92	92.5
good	18	Moderate	50010.5	10143	99.1	99.8
medium	18	None	41238	11626	85.6	85.8
medium	18	Moderate	46853.5	10239	96	96.4
bad	18	None	24406	19489	43.4	43.1
bad	18	Moderate	20633.5	12095	54.2	54
good	19	None	43904.5	10948	92.1	92.5
good	19	Moderate	49867	10142	99	99.7
medium	19	None	27305.5	34312	28.3	28.2
medium	19	Moderate	20805	23925	33	32.9
bad	19	None	23762.5	28304	32.1	31.9
bad	19	Moderate	16731.5	15340	43.8	43.6
good	20	None	44479.5	10894	92.5	92.9
good	20	Moderate	50216	10144	99.3	99.9
medium	20	None	42126.5	22180	45.2	45.3
medium	20	Moderate	48172	20931	47.5	47.7
bad	20	None	27669	34412	24.7	24.6
bad	20	Moderate	26901.5	24119	33.3	33.2
good	21	None	44771.5	10872	92.7	93.1
good	21	Moderate	50256	10142	99.3	100
medium	21	None	41593.5	11461	86.9	87.2
medium	21	Moderate	44852.5	10208	94.2	94.7
bad	21	None	29505	18816	48.2	48
bad	21	Moderate	30468	12229	66.6	66.4
good	22	None	43093	11170	90.1	90.6
good	22	Moderate	49940.5	10164	99	99.6
medium	22	None	38972.5	14564	67.8	68
medium	22	Moderate	45753	10368	94.1	94.3
bad	22	None	21138.5	37990	23.6	23.5
bad	22	Moderate	19071	24739	31.3	31.3
good	23	None	44538	10902	92.4	92.9
good	23	Moderate	50209	10143	99.3	99.9
medium	23	None	40614.5	11562	85.7	85.9
medium	23	Moderate	45404	10239	94.7	95
bad	23	None	31050	24515	36.1	36
bad	23	Moderate	26460	14991	51.8	51.6
good	24	None	44751	10851	92.8	93.3
good	24	Moderate	50236	10143	99.3	100
medium	24	None	31413.5	31237	31.4	31.4
medium	24	Moderate	19992.5	31497	21.7	21.6
bad	24	None	26580	19607	45.1	44.9
bad	24	Moderate	28090.5	11374	70.1	69.8
good	25	None	45045.5	10804	93.3	93.8
good	25	Moderate	50262	10140	99.3	100
medium	25	None	41459	11782	84.6	84.8
medium	25	Moderate	46401.5	10216	95.7	96.1
bad	25	None	32752	15749	58.8	58.6
bad	25	Moderate	32263	10767	76	75.9
good	26	None	45853.5	10681	94.3	94.9
good	26	Moderate	50286	10141	99.3	100
medium	26	None	40427	11655	84.8	85
medium	26	Moderate	41565	10221	90.6	90.9
bad	26	None	19429.5	22503	37	36.7
bad	26	Moderate	13278.5	11414	47.6	47.4
good	27	None	44768.5	10858	92.8	93.3
good	27	Moderate	50227	10142	99.3	100
medium	27	None	40780	11630	85.5	85.8
medium	27	Moderate	46867.5	10259	96	96.3
bad	27	None	20771.5	33243	27.3	27.2
bad	27	Moderate	18453.5	20427	37.1	36.9
good	28	None	45591	10725	93.9	94.4
good	28	Moderate	50148.5	10143	99.2	99.9
medium	28	None	40358	11494	85.9	85.9
medium	28	Moderate	42829.5	10218	92.7	92.7
bad	28	None	26630	20840	42.5	42.3
bad	28	Moderate	25103	14836	51.6	51.5
good	29	None	45041	10796	93.4	93.8
good	29	Moderate	50266	10142	99.3	100
medium	29	None	40672.5	13695	72.4	72.4
medium	29	Moderate	45049.5	12182	79.4	79.4
bad	29	None	26064	17207	50.1	49.9
bad	29	Moderate	26369.5	11094	69.6	69.4
good	30	None	45888	10710	94.1	94.6
good	30	Moderate	50286	10141	99.3	100
medium	30	None	38894	14325	68.8	68.9
medium	30	Moderate	45651	10631	91.8	92.1
bad	30	None	35479.5	15646	60.7	60.6
bad	30	Moderate	31007.5	11256	69.3	69.1
good	31	None	44790.5	10842	92.9	93.4
good	31	Moderate	50121	10149	99.2	99.9
medium	31	None	39545.5	11715	83.5	83.4
medium	31	Moderate	44173.5	10306	93.5	93.6
bad	31	None	13672	38721	21.1	21
bad	31	Moderate	10074	30596	17.8	17.6
good	32	None	44347	10937	92.1	92.6
good	32	Moderate	50221	10146	99.2	99.9
medium	32	None	40068	11881	83	83
medium	32	Moderate	42016	10246	91.3	91.4
bad	32	None	27010.5	28890	30.5	30.4
bad	32	Moderate	24008	16233	43.3	43.2
good	33	None	44975	10797	93.3	93.8
good	33	Moderate	50227	10142	99.3	100
medium	33	None	40525.5	11623	84.9	85
medium	33	Moderate	42307.5	10215	91.7	91.8
bad	33	None	30221.5	19678	46.8	46.7
bad	33	Moderate	26765.5	11544	65.4	65.2
good	34	None	44685	10890	92.5	93
good	34	Moderate	50241	10141	99.3	100
medium	34	None	41164	11482	86.6	86.7
medium	34	Moderate	45192	10233	94.6	94.9
bad	34	None	24305.5	24094	36.5	36.3
bad	34	Moderate	25576	13940	57.4	57.2
good	35	None	43809.5	11001	91.5	91.9
good	35	Moderate	49666.5	10153	98.8	99.4
medium	35	None	41249.5	11569	86	86.1
medium	35	Moderate	46505.5	10235	95.8	96.2
bad	35	None	5080	50252	14.9	14.8
bad	35	Moderate	4688	42951	11.7	11.6
good	36	None	45601	10723	93.9	94.5
good	36	Moderate	50267	10141	99.3	100
medium	36	None	40856.5	11670	85.1	85.2
medium	36	Moderate	45810	10254	95.1	95.3
bad	36	None	22930	23599	34.5	34.3
bad	36	Moderate	16871.5	14088	41.5	41.4
good	37	None	44812	10817	93.2	93.6
good	37	Moderate	50228	10143	99.3	99.9
medium	37	None	40150	21416	45.8	45.7
medium	37	Moderate	42676.5	20106	47	47.1
bad	37	None	33386.5	31749	29.1	29
bad	37	Moderate	33663	19464	44	43.9
good	38	None	45038.5	10854	92.8	93.3
good	38	Moderate	50228	10143	99.3	99.9
medium	38	None	34951.5	20826	46.9	46.9
medium	38	Moderate	28984.5	19370	42.7	42.7
bad	38	None	11309.5	37191	20.8	20.7
bad	38	Moderate	12535.5	21746	29.4	29.2
good	39	None	44141.5	10932	92.1	92.6
good	39	Moderate	50219	10145	99.3	99.9
medium	39	None	40384	11813	83.4	83.4
medium	39	Moderate	41312.5	10238	90.2	90.3
bad	39	None	25655.5	21245	41.8	41.5
bad	39	Moderate	28361.5	11276	70.8	70.5
good	40	None	43596.5	11027	91.3	91.8
good	40	Moderate	49943.5	10144	99.1	99.7
medium	40	None	39754	14044	70.7	70.9
medium	40	Moderate	46399.5	10354	94.6	94.9
bad	40	None	9790.5	71168	9.8	9.8
bad	40	Moderate	10329	39787	18.6	18.5
good	41	None	45025	10828	93.1	93.5
good	41	Moderate	50266	10143	99.3	100
medium	41	None	38556	15022	65.5	65.6
medium	41	Moderate	41559	13464	69.5	69.7
bad	41	None	12163	33572	19.6	19.4
bad	41	Moderate	13361.5	16047	40.1	39.9
good	42	None	43822.5	10989	91.7	92.2
good	42	Moderate	50145	10151	99.2	99.8
medium	42	None	40529	11646	85.1	85.1
medium	42	Moderate	39942.5	10230	88.2	88.2
bad	42	None	20045.5	24254	33.4	33.2
bad	42	Moderate	16217.5	14480	41.5	41.3
good	43	None	44799.5	10872	92.7	93.2
good	43	Moderate	50239	10142	99.3	100
medium	43	None	22302	44502	21.9	21.9
medium	43	Moderate	22187	32067	26.2	26.1
bad	43	None	15302.5	21799	36.3	36.1
bad	43	Moderate	12888	12082	48.7	48.4
good	44	None	44211	10947	92	92.6
good	44	Moderate	50207	10144	99.3	99.9
medium	44	None	41203	13868	71.6	71.8
medium	44	Moderate	41225	12560	73.2	73.3
bad	44	None	29891.5	33924	26.1	26
bad	44	Moderate	26738.5	26131	28.9	28.8
good	45	None	43653	11064	91	91.5
good	45	Moderate	50083.5	10150	99.1	99.8
medium	45	None	41009.5	11502	86.4	86.5
medium	45	Moderate	46022.5	10250	95.3	95.5
bad	45	None	22275	33503	23.7	23.6
bad	45	Moderate	23045	19291	39.6	39.4
good	46	None	45240	10767	93.6	94.1
good	46	Moderate	50271	10142	99.3	100
medium	46	None	29336.5	32106	30.6	30.5
medium	46	Moderate	28012	21489	39.9	39.8
bad	46	None	13116.5	30327	25.6	25.4
bad	46	Moderate	10064	15912	38.7	38.5
good	47	None	45336.5	10755	93.7	94.2
good	47	Moderate	50256	10143	99.3	100
medium	47	None	40339	11715	84.4	84.5
medium	47	Moderate	43818.5	10240	93.2	93.3
bad	47	None	17578	17301	44.6	44.4
bad	47	Moderate	11009	11042	44.7	44.5
good	48	None	45897	10662	94.5	95.1
good	48	Moderate	50286	10140	99.3	100
medium	48	None	40749	11972	83.2	83.2
medium	48	Moderate	46295.5	10250	95.5	95.7
bad	48	None	17007	24640	32.5	32.3
bad	48	Moderate	11363.5	19359	31	30.8
good	49	None	45129.5	10820	93.1	93.6
good	49	Moderate	49999.5	10141	99.1	99.8
medium	49	None	40062	12573	78.8	78.9
medium	49	Moderate	44388	10774	89.5	89.6
bad	49	None	4837	51674	9.8	9.8
bad	49	Moderate	0	51007	0	0
good	50	None	44920	10819	93.2	93.6
good	50	Moderate	50233	10142	99.3	100
medium	50	None	40855	11489	86.3	86.5
medium	50	Moderate	45507	10265	94.8	95.1
bad	50	None	32513	18274	51.2	51.1
bad	50	Moderate	28780	13055	59.4	59.3
good	51	None	44079.5	10945	92	92.5
good	51	Moderate	50149	10145	99.2	99.9
medium	51	None	39505	11732	83.5	83.6
medium	51	Moderate	41245	10278	90.3	90.5
bad	51	None	26113	27486	29.8	29.6
bad	51	Moderate	28019.5	19706	42.6	42.4
good	52	None	44011.5	11013	91.4	91.9
good	52	Moderate	50049	10148	99.1	99.8
medium	52	None	41050	11628	85.2	85.1
medium	52	Moderate	39198	10202	87.7	87.8
bad	52	None	17565	26771	28.3	28.1
bad	52	Moderate	9803.5	14141	32.6	32.4
good	53	None	44980.5	10828	93	93.5
good	53	Moderate	50276	10141	99.3	100
medium	53	None	40915	11608	85.4	85.6
medium	53	Moderate	45844.5	10275	95	95.3
bad	53	None	13053.5	26386	30.3	30.2
bad	53	Moderate	15730.5	13444	51	50.8
good	54	None	44581.5	10868	92.7	93.1
good	54	Moderate	50232	10141	99.3	100
medium	54	None	41130	11678	85.4	85.6
medium	54	Moderate	45116.5	10216	94.6	94.9
bad	54	None	15353.5	29417	27.9	27.8
bad	54	Moderate	10623	12970	42.6	42.5
good	55	None	43708.5	11023	91.4	91.9
good	55	Moderate	50061.5	10152	99.1	99.8
medium	55	None	40212.5	11672	84.5	84.5
medium	55	Moderate	43589.5	10227	93.1	93.2
bad	55	None	30374	14794	60	59.7
bad	55	Moderate	30419.5	10699	75.5	75.2
good	56	None	45365.5	10779	93.5	93.9
good	56	Moderate	50226	10141	99.3	100
medium	56	None	41103.5	11704	85.1	85.3
medium	56	Moderate	46725	10257	95.9	96.1
bad	56	None	10783	46804	14.6	14.5
bad	56	Moderate	9437.5	20676	32.8	32.6
good	57	None	44394	10902	92.4	92.9
good	57	Moderate	50238	10142	99.3	100
medium	57	None	40816	11608	85.2	85.4
medium	57	Moderate	42573.5	10238	91.9	92.1
bad	57	None	28688.5	14152	61.8	61.5
bad	57	Moderate	26977	10494	72	71.9
good	58	None	45275.5	10764	93.6	94.1
good	58	Moderate	50233	10144	99.3	99.9
medium	58	None	36005	21884	45.4	45.5
medium	58	Moderate	39356.5	13020	70.8	70.9
bad	58	None	20905	26904	31.5	31.3
bad	58	Moderate	16194	21979	30.3	30.2
good	59	None	45260.5	10783	93.4	94
good	59	Moderate	50271	10140	99.3	100
medium	59	None	41047	11715	85	85.1
medium	59	Moderate	44212.5	10209	93.8	94
bad	59	None	10923.5	33058	24.5	24.4
bad	59	Moderate	9788.5	14665	40.4	40.2
good	60	None	44690.5	10847	92.9	93.4
good	60	Moderate	50247	10141	99.3	100
medium	60	None	39967.5	12685	77.8	77.9
medium	60	Moderate	44169	10228	93.8	93.9
bad	60	None	28208	26663	32.8	32.7
bad	60	Moderate	29249.5	16131	50.7	50.6
good	61	None	45035.5	10806	93.3	93.7
good	61	Moderate	50263	10142	99.3	100
medium	61	None	39244	11798	82.9	82.8
medium	61	Moderate	40241.5	10250	89.5	89.5
bad	61	None	29072.5	14890	59.4	59.2
bad	61	Moderate	28696	10914	73.1	72.8
good	62	None	44462.5	10879	92.6	93.1
good	62	Moderate	50187	10144	99.2	99.9
medium	62	None	41677.5	11485	87.1	87.3
medium	62	Moderate	48502	10230	97.4	97.8
bad	62	None	24430	17752	47.9	47.6
bad	62	Moderate	23310	10844	65.9	65.6
good	63	None	45837	10677	94.4	94.8
good	63	Moderate	50231	10141	99.3	100
medium	63	None	41239	11604	85.7	85.9
medium	63	Moderate	45811.5	10234	95.3	95.6
bad	63	None	13825.5	32904	22.6	22.5
bad	63	Moderate	18952.5	15789	47.4	47.1
good	64	None	44556.5	10860	92.8	93.2
good	64	Moderate	50266	10144	99.3	100
medium	64	None	37733	24338	40.7	40.7
medium	64	Moderate	42759.5	16819	55.7	55.9
bad	64	None	27323.5	28972	30.5	30.4
bad	64	Moderate	28943	21825	37.1	36.9
good	65	None	44397	10907	92.4	92.9
good	65	Moderate	50178	10148	99.2	99.9
medium	65	None	41015.5	11552	86.3	86.6
medium	65	Moderate	44610.5	10201	93.9	94.3
bad	65	None	19848.5	31207	28.2	28
bad	65	Moderate	16341.5	17325	40	39.8
good	66	None	45726.5	10693	94.3	94.7
good	66	Moderate	50286	10141	99.3	100
medium	66	None	38134.5	17612	56.1	56.2
medium	66	Moderate	38688	11705	76.7	76.7
bad	66	None	24889	32288	24.8	24.7
bad	66	Moderate	21051	24748	27.2	27.2
good	67	None	44713	10843	92.9	93.4
good	67	Moderate	50266	10143	99.3	100
medium	67	None	36641	20332	48.7	48.8
medium	67	Moderate	44229.5	12374	78.4	78.7
bad	67	None	26417	23567	36.1	35.9
bad	67	Moderate	24952.5	16413	46.2	45.9
good	68	None	44410.5	10876	92.6	93.1
good	68	Moderate	50221	10143	99.3	99.9
medium	68	None	40759	11706	84.8	85
medium	68	Moderate	45322.5	10243	94.7	95
bad	68	None	29836.5	26830	34.8	34.8
bad	68	Moderate	15100.5	24521	23	22.9
good	69	None	44785.5	10869	92.7	93.2
good	69	Moderate	50216	10145	99.3	99.9
medium	69	None	41618.5	11502	86.9	87.1
medium	69	Moderate	47462	10233	96.6	97
bad	69	None	20168	19404	41.6	41.3
bad	69	Moderate	10093.5	11023	39.5	39.3
good	70	None	44809.5	10871	92.7	93.2
good	70	Moderate	50251	10142	99.3	100
medium	70	None	41198	11588	86	86.1
medium	70	Moderate	41374	10223	90.3	90.6
bad	70	None	29569	25499	36.7	36.6
bad	70	Moderate	35075	15592	57.2	57.1
good	71	None	44289	10913	92.3	92.8
good	71	Moderate	50191	10146	99.2	99.9
medium	71	None	40118.5	11726	84.2	84.4
medium	71	Moderate	44951	10261	94.3	94.6
bad	71	None	25252.5	22218	39.8	39.7
bad	71	Moderate	27252	12520	62.2	62
good	72	None	44871.5	10840	93	93.4
good	72	Moderate	50241	10141	99.3	100
medium	72	None	41612	11523	86.7	86.9
medium	72	Moderate	37866	10208	85.4	85.6
bad	72	None	19320	28659	30.1	29.9
bad	72	Moderate	20747	14629	51	50.8
good	73	None	44756	10831	93	93.5
good	73	Moderate	50251	10142	99.3	100
medium	73	None	39647	12764	77.1	77.2
medium	73	Moderate	45000.5	10346	93.9	94.1
bad	73	None	32624.5	27232	33.9	33.8
bad	73	Moderate	31466.5	21827	37.2	37.1
good	74	None	44757.5	10836	93	93.5
good	74	Moderate	50170	10141	99.3	99.9
medium	74	None	40013.5	11669	84.3	84.4
medium	74	Moderate	43876	10294	93.3	93.3
bad	74	None	16378.5	34002	20.7	20.6
bad	74	Moderate	10545	22166	28.4	28.2
good	75	None	45353.5	10765	93.6	94.1
good	75	Moderate	50271	10142	99.3	100
medium	75	None	41070	11590	85.7	85.8
medium	75	Moderate	44234.5	10239	93.6	93.8
bad	75	None	28517	23527	38.8	38.7
bad	75	Moderate	29003	15192	55.1	54.9
good	76	None	44235.5	10943	92.1	92.6
good	76	Moderate	50056.5	10146	99.2	99.8
medium	76	None	40186.5	11601	85.1	85.1
medium	76	Moderate	44210	10255	93.7	93.8
bad	76	None	17956.5	32752	23.8	23.6
bad	76	Moderate	16334.5	19855	36	35.8
good	77	None	43474	11101	90.7	91.1
good	77	Moderate	49889	10152	99	99.6
medium	77	None	41601.5	21536	46.2	46.4
medium	77	Moderate	45957.5	20283	48.1	48.3
bad	77	None	25493.5	22708	39	38.9
bad	77	Moderate	21945	13556	52.7	52.5
good	78	None	44406.5	10872	92.7	93.2
good	78	Moderate	50251	10143	99.3	100
medium	78	None	40874	12146	81.5	81.7
medium	78	Moderate	45538.5	10230	95	95.2
bad	78	None	30878	31948	25.5	25.5
bad	78	Moderate	30014.5	21708	36.4	36.4
good	79	None	44809	10834	93	93.5
good	79	Moderate	50226	10144	99.3	99.9
medium	79	None	41719.5	11448	87.2	87.4
medium	79	Moderate	46809	10237	96.1	96.4
bad	79	None	19886.5	60767	11.3	11.2
bad	79	Moderate	15568	35194	22	21.9
good	80	None	44715.5	10838	93	93.5
good	80	Moderate	50259	10142	99.3	100
medium	80	None	40492.5	11608	85.3	85.5
medium	80	Moderate	45456	10244	94.9	95
bad	80	None	22728	22554	36.5	36.3
bad	80	Moderate	15418.5	12047	46.9	46.8
good	81	None	43760	10996	91.6	92
good	81	Moderate	50092	10147	99.2	99.8
medium	81	None	37370	18689	52.8	52.8
medium	81	Moderate	40701.5	13375	69.6	69.6
bad	81	None	32478.5	14930	61.7	61.5
bad	81	Moderate	25790	10738	64.5	64.4
good	82	None	43940	10966	91.9	92.3
good	82	Moderate	50211	10144	99.3	99.9
medium	82	None	32438	29876	31.3	31.3
medium	82	Moderate	35239.5	17733	51.3	51.2
bad	82	None	28401	24551	35.2	35.1
bad	82	Moderate	15058	13522	42.6	42.4
good	83	None	45142.5	10794	93.4	93.8
good	83	Moderate	50226	10141	99.3	100
medium	83	None	41123	11526	86.3	86.3
medium	83	Moderate	46725	10260	95.9	96.1
bad	83	None	29564	16162	55.6	55.5
bad	83	Moderate	31669	11503	73.3	73.1
good	84	None	44044	10995	91.6	92.1
good	84	Moderate	50191	10145	99.2	99.9
medium	84	None	38014	15134	64.8	64.8
medium	84	Moderate	43765	10424	91.8	91.9
bad	84	None	10947	54604	13.1	13
bad	84	Moderate	11834	30432	22.2	22
good	85	None	44397.5	10942	92	92.5
good	85	Moderate	50157	10145	99.2	99.9
medium	85	None	36275.5	18528	52.8	52.8
medium	85	Moderate	39870.5	11296	80	80.1
bad	85	None	23052.5	23999	36.4	36.2
bad	85	Moderate	25673.5	12271	63	62.7
good	86	None	45316.5	10782	93.4	94
good	86	Moderate	50263	10142	99.3	100
medium	86	None	40218.5	11663	84.5	84.6
medium	86	Moderate	44207	10259	93.6	93.8
bad	86	None	24778.5	25397	35.1	34.9
bad	86	Moderate	28746.5	14071	59.4	59.1
good	87	None	43904	10993	91.6	92
good	87	Moderate	49932	10149	99.1	99.7
medium	87	None	38728	15586	63.4	63.4
medium	87	Moderate	44189	10513	91.5	91.5
bad	87	None	33833.5	14846	62.8	62.6
bad	87	Moderate	35332.5	11041	79.3	79.1
good	88	None	45455.5	10771	93.5	94
good	88	Moderate	50286	10142	99.3	100
medium	88	None	41730	11464	87	87.2
medium	88	Moderate	46045	10229	95.4	95.6
bad	88	None	12941	33876	24.6	24.5
bad	88	Moderate	14512	15778	43	42.7
good	89	None	44218	10937	92.2	92.6
good	89	Moderate	50171	10142	99.3	99.9
medium	89	None	40570	11582	85.5	85.6
medium	89	Moderate	44810.5	10249	94.2	94.5
bad	89	None	24604.5	25597	33.6	33.5
bad	89	Moderate	16634.5	20182	33.4	33.3
good	90	None	43699	11064	91	91.5
good	90	Moderate	50097.5	10150	99.1	99.8
medium	90	None	41500.5	11972	83.5	83.6
medium	90	Moderate	44338	10553	90.6	91
bad	90	None	22376	27542	27.9	27.8
bad	90	Moderate	14140.5	13561	44.2	44.1
good	91	None	43378.5	11050	91.2	91.5
good	91	Moderate	49939	10147	99.1	99.7
medium	91	None	39525	11587	84.3	84.4
medium	91	Moderate	30415.5	10192	72.9	73
bad	91	None	15321	34250	21.5	21.4
bad	91	Moderate	12147.5	14526	43.7	43.5
good	92	None	44041	10941	92.1	92.5
good	92	Moderate	50205	10142	99.3	99.9
medium	92	None	40805	21435	46.3	46.3
medium	92	Moderate	46091.5	20163	48.5	48.6
bad	92	None	29350	19260	47.1	46.9
bad	92	Moderate	23243.5	14114	46.6	46.4
good	93	None	44886.5	10794	93.3	93.8
good	93	Moderate	50012	10144	99.1	99.8
medium	93	None	38893	12002	81.2	81.1
medium	93	Moderate	43111.5	10295	92.4	92.5
bad	93	None	17627	25375	31.1	31
bad	93	Moderate	16482	13625	49.2	48.9
good	94	None	44683	10838	93	93.4
good	94	Moderate	50173	10145	99.2	99.9
medium	94	None	40989.5	15152	65.3	65.5
medium	94	Moderate	43538	13847	68.7	68.9
bad	94	None	29128.5	33664	26	25.9
bad	94	Moderate	29358	25526	31.3	31.2
good	95	None	44458	10988	91.6	92.2
good	95	Moderate	50237	10145	99.3	99.9
medium	95	None	41503.5	11473	87.1	87.4
medium	95	Moderate	45911	10216	95.2	95.6
bad	95	None	31148	26832	33.1	33
bad	95	Moderate	28734	17387	48.1	48
good	96	None	45569	10733	93.9	94.4
good	96	Moderate	50279	10140	99.3	100
medium	96	None	39777	11697	83.6	83.5
medium	96	Moderate	44076	10329	93.4	93.3
bad	96	None	17542.5	25653	32.2	32
bad	96	Moderate	20419.5	12903	56	55.8
good	97	None	43845	11042	91.2	91.7
good	97	Moderate	50116	10149	99.2	99.8
medium	97	None	39113.5	16078	61.7	61.8
medium	97	Moderate	45482.5	11357	86.1	86.3
bad	97	None	22065	26986	31.6	31.5
bad	97	Moderate	18397.5	14054	48.7	48.4
good	98	None	44566	10858	92.8	93.2
good	98	Moderate	50214	10147	99.2	99.9
medium	98	None	40432.5	11677	84.8	84.9
medium	98	Moderate	44299	10237	93.8	93.9
bad	98	None	14311	32097	22.4	22.3
bad	98	Moderate	14253.5	14891	45	44.8
good	99	None	44037	10944	92.1	92.4
good	99	Moderate	50113	10148	99.2	99.8
medium	99	None	41237.5	11640	85.5	85.6
medium	99	Moderate	45278	10212	94.7	95
bad	99	None	21556.5	23127	37.1	36.9
bad	99	Moderate	26841	12435	65.4	65
good	100	None	44914.5	10816	93.1	93.6
good	100	Moderate	50256	10143	99.3	100
medium	100	None	41093.5	11758	84.4	84.4
medium	100	Moderate	42762	10218	92.3	92.5
bad	100	None	11399.5	55221	14.5	14.4
bad	100	Moderate	11982.5	34502	19.8	19.7
